code,label
<section><p>Paragraph</section>,error
<span>Text</span>,no_error
<button>Click,error
<h2>Heading,error
<ul><li>Item</ul>,error
<p>Welcome</p>,no_error
let x = ;,error
const name = ,error
let x = ;,error
for(let i=0;i<5;i++ { console.log(i); },error
<ul><li>Item</li></ul>,no_error
#title{text-align:center;,error
<div>Content</div>,no_error
<div>Content</div>,no_error
<button>Click</button>,no_error
<p>Welcome</p>,no_error
<div>Content</div>,no_error
<ul><li>Item</ul>,error
.box{padding:10px;},no_error
const name = ,error
if(true) console.log('ok',error
<span>Text</span>,no_error
<span>Text,error
<h1>Hello,error
<button>Click</button>,no_error
<p>Welcome,error
<ul><li>Item</ul>,error
"let arr=[1,2,3];",no_error
<ul><li>Item</li></ul>,no_error
<p>Welcome</p>,no_error
<section><p>Paragraph</section>,error
if(true) console.log('ok',error
function greet(){ return 'Hi'; },no_error
<h2>Heading,error
<div>Content,error
p{font-size:16px;},no_error
<button>Click</button>,no_error
<ul><li>Item</li></ul>,no_error
body{background:white;},no_error
<span>Text,error
<p>Welcome,error
<button>Click</button>,no_error
<h2>Heading,error
<section><p>Paragraph</section>,error
alert('Welcome');,no_error
<ul><li>Item</ul>,error
for(let i=0;i<5;i++ { console.log(i); },error
<p>Welcome</p>,no_error
<span>Text,error
<button>Click</button>,no_error
<button>Click</button>,no_error
<div>Content</div>,no_error
<section><p>Paragraph</section>,error
function greet( { return 'Hi'; },error
<h2>Heading,error
<h1>Hello,error
for(let i=0;i<5;i++){ console.log(i); },no_error
<table><tr><td>Data</tr></table>,error
p{font-size:16px;,error
"let arr=[1,2,3];",no_error
.box{padding:10px;},no_error
#title{text-align:center;,error
body{background:white;},no_error
h1{color:red;},no_error
<p>Welcome,error
let x = 10;,no_error
document.write('Hello',error
<section><p>Paragraph</section>,error
<span>Text,error
"let arr=[1,2,3;",error
for(let i=0;i<5;i++){ console.log(i); },no_error
const name = ,error
h1{color:red;,error
alert('Welcome');,no_error
for(let i=0;i<5;i++){ console.log(i); },no_error
for(let i=0;i<5;i++ { console.log(i); },error
<h2>Heading</h2>,no_error
<table><tr><td>Data</tr></table>,error
<p>Welcome</p>,no_error
document.write('Hello');,no_error
<button>Click</button>,no_error
<h2>Heading</h2>,no_error
document.write('Hello');,no_error
body{background:white;},no_error
<section><p>Paragraph</section>,error
<section><p>Paragraph</p></section>,no_error
"let arr=[1,2,3;",error
function greet(){ return 'Hi'; },no_error
<h2>Heading</h2>,no_error
<section><p>Paragraph</section>,error
<button>Click,error
<ul><li>Item</ul>,error
<div>Content,error
<button>Click</button>,no_error
<div>Content,error
h1{color:red;},no_error
body{background:white;,error
alert('Welcome',error
console.log('Hello');,no_error
body{background:white;},no_error
body{background:white;,error
alert('Welcome',error
#title{text-align:center;,error
alert('Welcome',error
<span>Text,error
<div>Content,error
let x = 10;,no_error
<div>Content,error
console.log('Hello',error
const name = ,error
<div>Content</div>,no_error
<h2>Heading,error
<h2>Heading,error
<p>Welcome,error
<p>Welcome,error
alert('Welcome',error
<div>Content,error
<span>Text</span>,no_error
<h1>Hello</h1>,no_error
"let arr=[1,2,3;",error
alert('Welcome',error
<h1>Hello,error
<h2>Heading</h2>,no_error
for(let i=0;i<5;i++ { console.log(i); },error
<div>Content</div>,no_error
document.write('Hello');,no_error
<p>Welcome</p>,no_error
h1{color:red;},no_error
<table><tr><td>Data</tr></table>,error
h1{color:red;},no_error
const name = 'John';,no_error
<div>Content</div>,no_error
<div>Content</div>,no_error
<div>Content,error
<h2>Heading,error
<button>Click,error
if(true){ console.log('ok'); },no_error
<section><p>Paragraph</p></section>,no_error
console.log('Hello');,no_error
<h2>Heading,error
<section><p>Paragraph</p></section>,no_error
<h1>Hello,error
let x = 10;,no_error
#title{text-align:center;},no_error
for(let i=0;i<5;i++ { console.log(i); },error
<ul><li>Item</ul>,error
.box{padding:10px;,error
body{background:white;},no_error
<div>Content,error
<button>Click,error
<button>Click,error
<h1>Hello</h1>,no_error
<div>Content</div>,no_error
<table><tr><td>Data</tr></table>,error
const name = 'John';,no_error
#title{text-align:center;,error
h1{color:red;},no_error
<span>Text</span>,no_error
body{background:white;,error
<section><p>Paragraph</p></section>,no_error
body{background:white;},no_error
h1{color:red;},no_error
<section><p>Paragraph</section>,error
for(let i=0;i<5;i++){ console.log(i); },no_error
<ul><li>Item</ul>,error
<ul><li>Item</li></ul>,no_error
document.write('Hello');,no_error
<section><p>Paragraph</section>,error
document.write('Hello',error
for(let i=0;i<5;i++){ console.log(i); },no_error
#title{text-align:center;},no_error
<table><tr><td>Data</td></tr></table>,no_error
<table><tr><td>Data</tr></table>,error
body{background:white;},no_error
<section><p>Paragraph</section>,error
<p>Welcome,error
<button>Click,error
const name = ,error
for(let i=0;i<5;i++ { console.log(i); },error
<p>Welcome,error
<div>Content</div>,no_error
const name = ,error
h1{color:red;,error
function greet( { return 'Hi'; },error
<span>Text</span>,no_error
<h1>Hello</h1>,no_error
alert('Welcome');,no_error
<p>Welcome,error
p{font-size:16px;,error
<p>Welcome</p>,no_error
<ul><li>Item</ul>,error
.box{padding:10px;},no_error
function greet( { return 'Hi'; },error
<section><p>Paragraph</p></section>,no_error
body{background:white;},no_error
<span>Text</span>,no_error
.box{padding:10px;},no_error
let x = 10;,no_error
<h2>Heading,error
console.log('Hello',error
console.log('Hello',error
h1{color:red;,error
<h1>Hello</h1>,no_error
.box{padding:10px;,error
<h1>Hello,error
const name = 'John';,no_error
<section><p>Paragraph</section>,error
<h2>Heading</h2>,no_error
for(let i=0;i<5;i++ { console.log(i); },error
<h2>Heading,error
<section><p>Paragraph</p></section>,no_error
<ul><li>Item</ul>,error
let x = 10;,no_error
<section><p>Paragraph</p></section>,no_error
<h2>Heading</h2>,no_error
if(true){ console.log('ok'); },no_error
<h2>Heading,error
#title{text-align:center;},no_error
<button>Click,error
<h1>Hello</h1>,no_error
<h1>Hello,error
if(true){ console.log('ok'); },no_error
<section><p>Paragraph</p></section>,no_error
<div>Content</div>,no_error
<table><tr><td>Data</td></tr></table>,no_error
const name = ,error
<div>Content,error
<h1>Hello</h1>,no_error
<button>Click,error
alert('Welcome');,no_error
#title{text-align:center;},no_error
<div>Content,error
<h1>Hello</h1>,no_error
<table><tr><td>Data</td></tr></table>,no_error
<section><p>Paragraph</p></section>,no_error
.box{padding:10px;},no_error
<button>Click</button>,no_error
<ul><li>Item</li></ul>,no_error
<span>Text,error
<ul><li>Item</li></ul>,no_error
body{background:white;,error
.box{padding:10px;,error
const name = 'John';,no_error
"let arr=[1,2,3];",no_error
<ul><li>Item</ul>,error
alert('Welcome');,no_error
console.log('Hello',error
<div>Content,error
<span>Text</span>,no_error
body{background:white;,error
if(true){ console.log('ok'); },no_error
<table><tr><td>Data</td></tr></table>,no_error
<div>Content,error
console.log('Hello');,no_error
<h1>Hello,error
<span>Text</span>,no_error
function greet( { return 'Hi'; },error
<h2>Heading,error
<div>Content,error
<h2>Heading</h2>,no_error
<span>Text</span>,no_error
<p>Welcome,error
alert('Welcome',error
const name = 'John';,no_error
<p>Welcome,error
<span>Text</span>,no_error
<table><tr><td>Data</tr></table>,error
if(true){ console.log('ok'); },no_error
<ul><li>Item</ul>,error
<ul><li>Item</li></ul>,no_error
h1{color:red;},no_error
alert('Welcome');,no_error
<button>Click</button>,no_error
<span>Text,error
document.write('Hello',error
<h2>Heading,error
<h1>Hello</h1>,no_error
for(let i=0;i<5;i++ { console.log(i); },error
alert('Welcome');,no_error
<button>Click</button>,no_error
<span>Text</span>,no_error
.box{padding:10px;,error
body{background:white;,error
function greet(){ return 'Hi'; },no_error
p{font-size:16px;,error
<h1>Hello,error
p{font-size:16px;,error
body{background:white;},no_error
<section><p>Paragraph</section>,error
<p>Welcome</p>,no_error
<button>Click</button>,no_error
<span>Text,error
<button>Click</button>,no_error
"let arr=[1,2,3;",error
function greet(){ return 'Hi'; },no_error
<section><p>Paragraph</p></section>,no_error
<table><tr><td>Data</td></tr></table>,no_error
let x = ;,error
<table><tr><td>Data</td></tr></table>,no_error
"let arr=[1,2,3;",error
p{font-size:16px;,error
body{background:white;},no_error
<p>Welcome,error
<ul><li>Item</ul>,error
<p>Welcome</p>,no_error
#title{text-align:center;,error
#title{text-align:center;},no_error
<section><p>Paragraph</p></section>,no_error
#title{text-align:center;,error
<h1>Hello</h1>,no_error
<table><tr><td>Data</tr></table>,error
document.write('Hello');,no_error
#title{text-align:center;,error
#title{text-align:center;,error
<table><tr><td>Data</td></tr></table>,no_error
alert('Welcome',error
<span>Text</span>,no_error
<section><p>Paragraph</p></section>,no_error
<section><p>Paragraph</section>,error
<button>Click,error
<table><tr><td>Data</tr></table>,error
<p>Welcome</p>,no_error
<button>Click,error
h1{color:red;},no_error
const name = ,error
const name = 'John';,no_error
<p>Welcome</p>,no_error
if(true) console.log('ok',error
<div>Content</div>,no_error
<ul><li>Item</ul>,error
<ul><li>Item</li></ul>,no_error
<table><tr><td>Data</tr></table>,error
<div>Content,error
<table><tr><td>Data</td></tr></table>,no_error
<p>Welcome,error
#title{text-align:center;,error
<section><p>Paragraph</section>,error
<button>Click</button>,no_error
<table><tr><td>Data</tr></table>,error
<table><tr><td>Data</tr></table>,error
<h1>Hello,error
"let arr=[1,2,3;",error
let x = ;,error
function greet( { return 'Hi'; },error
body{background:white;,error
<h1>Hello</h1>,no_error
<p>Welcome,error
for(let i=0;i<5;i++ { console.log(i); },error
let x = ;,error
<div>Content</div>,no_error
if(true){ console.log('ok'); },no_error
<p>Welcome</p>,no_error
function greet(){ return 'Hi'; },no_error
h1{color:red;,error
<table><tr><td>Data</tr></table>,error
<button>Click,error
p{font-size:16px;},no_error
const name = ,error
<h2>Heading,error
<span>Text</span>,no_error
<button>Click,error
<section><p>Paragraph</section>,error
document.write('Hello');,no_error
<h2>Heading,error
<p>Welcome</p>,no_error
<span>Text</span>,no_error
alert('Welcome');,no_error
p{font-size:16px;,error
<section><p>Paragraph</section>,error
<button>Click</button>,no_error
#title{text-align:center;,error
<ul><li>Item</ul>,error
p{font-size:16px;},no_error
<h1>Hello</h1>,no_error
for(let i=0;i<5;i++){ console.log(i); },no_error
console.log('Hello',error
p{font-size:16px;},no_error
h1{color:red;,error
<ul><li>Item</ul>,error
document.write('Hello');,no_error
const name = 'John';,no_error
<h2>Heading</h2>,no_error
const name = ,error
#title{text-align:center;,error
<section><p>Paragraph</p></section>,no_error
#title{text-align:center;,error
document.write('Hello');,no_error
if(true){ console.log('ok'); },no_error
<span>Text</span>,no_error
<ul><li>Item</ul>,error
<div>Content</div>,no_error
<p>Welcome</p>,no_error
<h1>Hello</h1>,no_error
<table><tr><td>Data</td></tr></table>,no_error
<table><tr><td>Data</td></tr></table>,no_error
<ul><li>Item</ul>,error
<h1>Hello,error
<button>Click</button>,no_error
<section><p>Paragraph</section>,error
<section><p>Paragraph</p></section>,no_error
<section><p>Paragraph</p></section>,no_error
function greet( { return 'Hi'; },error
<p>Welcome</p>,no_error
<div>Content,error
<ul><li>Item</ul>,error
.box{padding:10px;,error
<ul><li>Item</li></ul>,no_error
<h2>Heading,error
h1{color:red;},no_error
<table><tr><td>Data</tr></table>,error
<div>Content,error
<button>Click,error
console.log('Hello');,no_error
for(let i=0;i<5;i++ { console.log(i); },error
if(true){ console.log('ok'); },no_error
<span>Text</span>,no_error
<button>Click</button>,no_error
<ul><li>Item</ul>,error
<p>Welcome</p>,no_error
<table><tr><td>Data</tr></table>,error
#title{text-align:center;,error
<button>Click</button>,no_error
<button>Click,error
function greet(){ return 'Hi'; },no_error
<div>Content</div>,no_error
<span>Text</span>,no_error
<button>Click</button>,no_error
for(let i=0;i<5;i++){ console.log(i); },no_error
<h1>Hello,error
<button>Click</button>,no_error
<h1>Hello,error
document.write('Hello',error
<button>Click,error
body{background:white;},no_error
<h1>Hello</h1>,no_error
body{background:white;,error
<div>Content</div>,no_error
body{background:white;,error
alert('Welcome',error
<table><tr><td>Data</tr></table>,error
<ul><li>Item</ul>,error
<p>Welcome,error
<div>Content</div>,no_error
<h2>Heading</h2>,no_error
document.write('Hello');,no_error
<table><tr><td>Data</td></tr></table>,no_error
<p>Welcome</p>,no_error
<h1>Hello</h1>,no_error
<section><p>Paragraph</section>,error
<h2>Heading,error
#title{text-align:center;,error
if(true) console.log('ok',error
<table><tr><td>Data</tr></table>,error
<ul><li>Item</li></ul>,no_error
document.write('Hello',error
<span>Text</span>,no_error
<ul><li>Item</ul>,error
<ul><li>Item</ul>,error
<h1>Hello</h1>,no_error
console.log('Hello');,no_error
const name = ,error
<h1>Hello</h1>,no_error
<h2>Heading,error
console.log('Hello',error
"let arr=[1,2,3;",error
#title{text-align:center;},no_error
<p>Welcome</p>,no_error
h1{color:red;,error
alert('Welcome');,no_error
<section><p>Paragraph</section>,error
<div>Content</div>,no_error
<button>Click,error
<h2>Heading</h2>,no_error
alert('Welcome',error
<span>Text</span>,no_error
alert('Welcome');,no_error
<section><p>Paragraph</section>,error
<section><p>Paragraph</p></section>,no_error
for(let i=0;i<5;i++){ console.log(i); },no_error
<section><p>Paragraph</section>,error
<p>Welcome</p>,no_error
function greet(){ return 'Hi'; },no_error
<ul><li>Item</ul>,error
<table><tr><td>Data</tr></table>,error
for(let i=0;i<5;i++ { console.log(i); },error
<section><p>Paragraph</p></section>,no_error
<button>Click</button>,no_error
<div>Content,error
<p>Welcome</p>,no_error
<button>Click,error
#title{text-align:center;,error
.box{padding:10px;},no_error
<button>Click,error
<div>Content,error
let x = 10;,no_error
<div>Content,error
<table><tr><td>Data</td></tr></table>,no_error
alert('Welcome');,no_error
<section><p>Paragraph</p></section>,no_error
<span>Text,error
body{background:white;,error
#title{text-align:center;},no_error
<div>Content,error
<span>Text,error
"let arr=[1,2,3];",no_error
<table><tr><td>Data</td></tr></table>,no_error
if(true){ console.log('ok'); },no_error
#title{text-align:center;,error
<h2>Heading</h2>,no_error
<h2>Heading,error
<p>Welcome</p>,no_error
console.log('Hello');,no_error
#title{text-align:center;},no_error
#title{text-align:center;},no_error
<div>Content</div>,no_error
const name = ,error
<div>Content</div>,no_error
alert('Welcome');,no_error
let x = 10;,no_error
<h1>Hello,error
if(true){ console.log('ok'); },no_error
<h1>Hello</h1>,no_error
<h1>Hello,error
.box{padding:10px;,error
<div>Content,error
.box{padding:10px;},no_error
<div>Content,error
<span>Text</span>,no_error
.box{padding:10px;},no_error
<p>Welcome</p>,no_error
<h2>Heading</h2>,no_error
let x = ;,error
alert('Welcome',error
if(true){ console.log('ok'); },no_error
.box{padding:10px;,error
h1{color:red;},no_error
<p>Welcome</p>,no_error
if(true) console.log('ok',error
let x = ;,error
h1{color:red;,error
<table><tr><td>Data</td></tr></table>,no_error
const name = ,error
document.write('Hello');,no_error
<table><tr><td>Data</td></tr></table>,no_error
h1{color:red;},no_error
<p>Welcome</p>,no_error
<div>Content,error
<p>Welcome,error
for(let i=0;i<5;i++){ console.log(i); },no_error
#title{text-align:center;},no_error
<ul><li>Item</li></ul>,no_error
p{font-size:16px;},no_error
<p>Welcome,error
alert('Welcome');,no_error
body{background:white;},no_error
p{font-size:16px;},no_error
<section><p>Paragraph</p></section>,no_error
<table><tr><td>Data</tr></table>,error
p{font-size:16px;},no_error
<span>Text</span>,no_error
<p>Welcome</p>,no_error
<section><p>Paragraph</p></section>,no_error
<h2>Heading,error
let x = ;,error
<h2>Heading</h2>,no_error
const name = 'John';,no_error
<div>Content</div>,no_error
h1{color:red;},no_error
if(true) console.log('ok',error
<button>Click,error
<table><tr><td>Data</tr></table>,error
document.write('Hello',error
<h2>Heading,error
<button>Click,error
<button>Click</button>,no_error
<section><p>Paragraph</section>,error
const name = ,error
h1{color:red;,error
function greet( { return 'Hi'; },error
<table><tr><td>Data</td></tr></table>,no_error
document.write('Hello',error
alert('Welcome',error
console.log('Hello',error
<h1>Hello</h1>,no_error
let x = ;,error
if(true) console.log('ok',error
<table><tr><td>Data</tr></table>,error
<h2>Heading,error
<ul><li>Item</li></ul>,no_error
<section><p>Paragraph</section>,error
document.write('Hello',error
<p>Welcome,error
<table><tr><td>Data</tr></table>,error
<h2>Heading,error
<h1>Hello</h1>,no_error
<div>Content,error
h1{color:red;,error
<span>Text,error
alert('Welcome');,no_error
<section><p>Paragraph</section>,error
<button>Click,error
if(true){ console.log('ok'); },no_error
<section><p>Paragraph</p></section>,no_error
<button>Click,error
<p>Welcome,error
<button>Click,error
#title{text-align:center;},no_error
if(true){ console.log('ok'); },no_error
<h1>Hello</h1>,no_error
<section><p>Paragraph</section>,error
<ul><li>Item</ul>,error
console.log('Hello',error
<table><tr><td>Data</td></tr></table>,no_error
<span>Text</span>,no_error
<button>Click</button>,no_error
document.write('Hello');,no_error
<span>Text,error
<h1>Hello</h1>,no_error
alert('Welcome',error
p{font-size:16px;},no_error
<ul><li>Item</ul>,error
document.write('Hello',error
<p>Welcome</p>,no_error
.box{padding:10px;,error
if(true) console.log('ok',error
body{background:white;,error
"let arr=[1,2,3;",error
<ul><li>Item</li></ul>,no_error
<p>Welcome,error
<div>Content,error
for(let i=0;i<5;i++){ console.log(i); },no_error
let x = 10;,no_error
<span>Text,error
<section><p>Paragraph</p></section>,no_error
<ul><li>Item</li></ul>,no_error
<button>Click</button>,no_error
<section><p>Paragraph</p></section>,no_error
for(let i=0;i<5;i++ { console.log(i); },error
if(true){ console.log('ok'); },no_error
<div>Content,error
"let arr=[1,2,3];",no_error
#title{text-align:center;},no_error
<button>Click</button>,no_error
console.log('Hello',error
function greet(){ return 'Hi'; },no_error
<div>Content,error
<span>Text,error
<ul><li>Item</li></ul>,no_error
<h1>Hello</h1>,no_error
<h2>Heading,error
<p>Welcome,error
body{background:white;,error
<button>Click</button>,no_error
<h2>Heading,error
h1{color:red;},no_error
<table><tr><td>Data</td></tr></table>,no_error
#title{text-align:center;},no_error
<section><p>Paragraph</p></section>,no_error
<h1>Hello,error
<h1>Hello</h1>,no_error
<div>Content</div>,no_error
<section><p>Paragraph</p></section>,no_error
h1{color:red;,error
console.log('Hello');,no_error
#title{text-align:center;,error
<ul><li>Item</li></ul>,no_error
<h1>Hello,error
alert('Welcome',error
#title{text-align:center;},no_error
if(true) console.log('ok',error
<table><tr><td>Data</tr></table>,error
<section><p>Paragraph</p></section>,no_error
h1{color:red;},no_error
<button>Click,error
.box{padding:10px;,error
let x = 10;,no_error
<span>Text</span>,no_error
<ul><li>Item</ul>,error
<ul><li>Item</ul>,error
h1{color:red;},no_error
if(true){ console.log('ok'); },no_error
<h2>Heading</h2>,no_error
document.write('Hello',error
<section><p>Paragraph</section>,error
for(let i=0;i<5;i++ { console.log(i); },error
<p>Welcome</p>,no_error
if(true){ console.log('ok'); },no_error
<p>Welcome,error
<ul><li>Item</ul>,error
body{background:white;,error
.box{padding:10px;,error
<ul><li>Item</li></ul>,no_error
function greet(){ return 'Hi'; },no_error
.box{padding:10px;,error
<ul><li>Item</li></ul>,no_error
body{background:white;},no_error
.box{padding:10px;,error
<button>Click</button>,no_error
<p>Welcome,error
"let arr=[1,2,3];",no_error
<table><tr><td>Data</td></tr></table>,no_error
<div>Content,error
console.log('Hello',error
for(let i=0;i<5;i++ { console.log(i); },error
.box{padding:10px;,error
<span>Text</span>,no_error
<h2>Heading,error
<h2>Heading</h2>,no_error
<h2>Heading</h2>,no_error
<ul><li>Item</ul>,error
<span>Text</span>,no_error
<button>Click</button>,no_error
<h1>Hello,error
<button>Click</button>,no_error
<span>Text,error
<section><p>Paragraph</section>,error
.box{padding:10px;},no_error
<div>Content,error
alert('Welcome');,no_error
const name = ,error
if(true){ console.log('ok'); },no_error
<table><tr><td>Data</td></tr></table>,no_error
if(true){ console.log('ok'); },no_error
<span>Text</span>,no_error
alert('Welcome',error
const name = ,error
h1{color:red;,error
<section><p>Paragraph</section>,error
alert('Welcome');,no_error
<ul><li>Item</ul>,error
<button>Click</button>,no_error
<div>Content,error
let x = ;,error
function greet(){ return 'Hi'; },no_error
<p>Welcome</p>,no_error
<p>Welcome</p>,no_error
<h2>Heading,error
<h1>Hello,error
p{font-size:16px;},no_error
<section><p>Paragraph</p></section>,no_error
alert('Welcome');,no_error
alert('Welcome',error
<div>Content</div>,no_error
<h1>Hello,error
const name = 'John';,no_error
<h1>Hello</h1>,no_error
<ul><li>Item</ul>,error
.box{padding:10px;,error
<button>Click,error
<button>Click</button>,no_error
#title{text-align:center;,error
<div>Content</div>,no_error
<h2>Heading,error
if(true){ console.log('ok'); },no_error
h1{color:red;,error
#title{text-align:center;},no_error
<h2>Heading,error
<h1>Hello</h1>,no_error
<table><tr><td>Data</tr></table>,error
<p>Welcome</p>,no_error
p{font-size:16px;,error
body{background:white;},no_error
const name = ,error
alert('Welcome');,no_error
<span>Text,error
<h1>Hello,error
<h2>Heading</h2>,no_error
h1{color:red;,error
h1{color:red;,error
const name = ,error
body{background:white;},no_error
<span>Text</span>,no_error
<h2>Heading</h2>,no_error
<p>Welcome,error
<table><tr><td>Data</tr></table>,error
<section><p>Paragraph</section>,error
body{background:white;},no_error
<h1>Hello,error
function greet( { return 'Hi'; },error
<section><p>Paragraph</section>,error
.box{padding:10px;},no_error
<ul><li>Item</li></ul>,no_error
<span>Text,error
<span>Text</span>,no_error
<h1>Hello</h1>,no_error
if(true) console.log('ok',error
document.write('Hello',error
<span>Text,error
<h1>Hello</h1>,no_error
<section><p>Paragraph</section>,error
<div>Content,error
<section><p>Paragraph</p></section>,no_error
const name = 'John';,no_error
<button>Click,error
<button>Click</button>,no_error
<section><p>Paragraph</p></section>,no_error
<button>Click,error
h1{color:red;},no_error
<h2>Heading,error
for(let i=0;i<5;i++ { console.log(i); },error
<h1>Hello,error
<ul><li>Item</li></ul>,no_error
#title{text-align:center;,error
<p>Welcome</p>,no_error
function greet( { return 'Hi'; },error
console.log('Hello',error
<div>Content,error
let x = ;,error
<table><tr><td>Data</td></tr></table>,no_error
<ul><li>Item</li></ul>,no_error
<ul><li>Item</ul>,error
<button>Click,error
function greet( { return 'Hi'; },error
<h1>Hello,error
function greet( { return 'Hi'; },error
let x = 10;,no_error
<h2>Heading</h2>,no_error
<p>Welcome</p>,no_error
h1{color:red;,error
<span>Text</span>,no_error
#title{text-align:center;},no_error
<h1>Hello</h1>,no_error
<p>Welcome,error
"let arr=[1,2,3;",error
document.write('Hello');,no_error
function greet(){ return 'Hi'; },no_error
<p>Welcome,error
h1{color:red;},no_error
for(let i=0;i<5;i++){ console.log(i); },no_error
<div>Content</div>,no_error
<h2>Heading,error
<button>Click</button>,no_error
<h2>Heading</h2>,no_error
<div>Content,error
<div>Content</div>,no_error
<section><p>Paragraph</p></section>,no_error
<table><tr><td>Data</tr></table>,error
body{background:white;,error
<span>Text,error
<h2>Heading</h2>,no_error
h1{color:red;,error
<button>Click</button>,no_error
<p>Welcome</p>,no_error
<section><p>Paragraph</section>,error
<span>Text</span>,no_error
<button>Click</button>,no_error
h1{color:red;,error
<span>Text,error
<ul><li>Item</ul>,error
<div>Content,error
<section><p>Paragraph</p></section>,no_error
#title{text-align:center;,error
<h1>Hello,error
.box{padding:10px;},no_error
console.log('Hello');,no_error
"let arr=[1,2,3];",no_error
p{font-size:16px;,error
p{font-size:16px;},no_error
<section><p>Paragraph</section>,error
<button>Click</button>,no_error
<section><p>Paragraph</p></section>,no_error
h1{color:red;},no_error
<button>Click</button>,no_error
<p>Welcome</p>,no_error
<section><p>Paragraph</section>,error
#title{text-align:center;,error
<ul><li>Item</ul>,error
<ul><li>Item</ul>,error
body{background:white;,error
<ul><li>Item</ul>,error
<div>Content</div>,no_error
<h1>Hello,error
<div>Content,error
function greet( { return 'Hi'; },error
<div>Content</div>,no_error
<section><p>Paragraph</section>,error
<table><tr><td>Data</td></tr></table>,no_error
<ul><li>Item</ul>,error
<table><tr><td>Data</td></tr></table>,no_error
document.write('Hello');,no_error
<table><tr><td>Data</tr></table>,error
if(true) console.log('ok',error
<table><tr><td>Data</tr></table>,error
<div>Content</div>,no_error
let x = ;,error
<table><tr><td>Data</td></tr></table>,no_error
<h2>Heading,error
<ul><li>Item</ul>,error
<table><tr><td>Data</td></tr></table>,no_error
<span>Text</span>,no_error
<button>Click</button>,no_error
p{font-size:16px;,error
console.log('Hello',error
function greet( { return 'Hi'; },error
document.write('Hello');,no_error
p{font-size:16px;},no_error
p{font-size:16px;},no_error
<h2>Heading,error
<ul><li>Item</ul>,error
body{background:white;,error
.box{padding:10px;},no_error
"let arr=[1,2,3];",no_error
<h2>Heading</h2>,no_error
body{background:white;},no_error
body{background:white;},no_error
#title{text-align:center;},no_error
<h1>Hello,error
<button>Click,error
function greet( { return 'Hi'; },error
<ul><li>Item</li></ul>,no_error
<span>Text</span>,no_error
<section><p>Paragraph</section>,error
for(let i=0;i<5;i++ { console.log(i); },error
<button>Click</button>,no_error
h1{color:red;},no_error
console.log('Hello');,no_error
<div>Content,error
<div>Content</div>,no_error
<ul><li>Item</li></ul>,no_error
<span>Text,error
<div>Content</div>,no_error
for(let i=0;i<5;i++ { console.log(i); },error
alert('Welcome');,no_error
#title{text-align:center;},no_error
let x = 10;,no_error
<h2>Heading</h2>,no_error
"let arr=[1,2,3;",error
<button>Click</button>,no_error
document.write('Hello',error
<p>Welcome</p>,no_error
<table><tr><td>Data</tr></table>,error
<div>Content,error
<div>Content,error
<table><tr><td>Data</td></tr></table>,no_error
<h2>Heading</h2>,no_error
<button>Click,error
body{background:white;},no_error
p{font-size:16px;},no_error
"let arr=[1,2,3];",no_error
<ul><li>Item</ul>,error
"let arr=[1,2,3];",no_error
<h2>Heading</h2>,no_error
.box{padding:10px;,error
<span>Text,error
#title{text-align:center;,error
<ul><li>Item</ul>,error
<div>Content,error
<section><p>Paragraph</section>,error
<button>Click</button>,no_error
<p>Welcome,error
<h1>Hello,error
function greet( { return 'Hi'; },error
<h1>Hello,error
document.write('Hello');,no_error
<p>Welcome</p>,no_error
for(let i=0;i<5;i++ { console.log(i); },error
<span>Text</span>,no_error
<ul><li>Item</ul>,error
<button>Click</button>,no_error
#title{text-align:center;,error
#title{text-align:center;},no_error
h1{color:red;},no_error
<div>Content</div>,no_error
for(let i=0;i<5;i++){ console.log(i); },no_error
<table><tr><td>Data</td></tr></table>,no_error
<h2>Heading,error
<p>Welcome,error
<div>Content</div>,no_error
p{font-size:16px;},no_error
const name = 'John';,no_error
<h2>Heading,error
<table><tr><td>Data</tr></table>,error
const name = 'John';,no_error
document.write('Hello');,no_error
function greet(){ return 'Hi'; },no_error
<table><tr><td>Data</td></tr></table>,no_error
function greet( { return 'Hi'; },error
let x = ;,error
for(let i=0;i<5;i++){ console.log(i); },no_error
console.log('Hello',error
document.write('Hello');,no_error
for(let i=0;i<5;i++ { console.log(i); },error
console.log('Hello',error
const name = 'John';,no_error
<p>Welcome</p>,no_error
function greet(){ return 'Hi'; },no_error
<button>Click</button>,no_error
<p>Welcome,error
const name = ,error
<div>Content</div>,no_error
<table><tr><td>Data</tr></table>,error
body{background:white;},no_error
#title{text-align:center;,error
p{font-size:16px;},no_error
alert('Welcome',error
#title{text-align:center;},no_error
<ul><li>Item</ul>,error
alert('Welcome',error
<span>Text</span>,no_error
<p>Welcome,error
<table><tr><td>Data</tr></table>,error
<ul><li>Item</ul>,error
<h1>Hello</h1>,no_error
<button>Click</button>,no_error
<button>Click</button>,no_error
let x = ;,error
<section><p>Paragraph</section>,error
<section><p>Paragraph</section>,error
<ul><li>Item</li></ul>,no_error
console.log('Hello');,no_error
<section><p>Paragraph</p></section>,no_error
.box{padding:10px;,error
<button>Click</button>,no_error
<section><p>Paragraph</section>,error
<ul><li>Item</li></ul>,no_error
.box{padding:10px;},no_error
const name = ,error
let x = ;,error
<button>Click</button>,no_error
<section><p>Paragraph</section>,error
<section><p>Paragraph</p></section>,no_error
<table><tr><td>Data</td></tr></table>,no_error
<p>Welcome</p>,no_error
<section><p>Paragraph</section>,error
<button>Click,error
let x = ;,error
<span>Text,error
<div>Content</div>,no_error
document.write('Hello');,no_error
<button>Click,error
if(true) console.log('ok',error
<section><p>Paragraph</p></section>,no_error
console.log('Hello');,no_error
function greet( { return 'Hi'; },error
<h1>Hello</h1>,no_error
<ul><li>Item</li></ul>,no_error
<table><tr><td>Data</tr></table>,error
function greet(){ return 'Hi'; },no_error
.box{padding:10px;},no_error
body{background:white;},no_error
.box{padding:10px;,error
<button>Click,error
body{background:white;,error
<span>Text,error
p{font-size:16px;},no_error
<section><p>Paragraph</section>,error
<table><tr><td>Data</td></tr></table>,no_error
if(true) console.log('ok',error
"let arr=[1,2,3];",no_error
<section><p>Paragraph</p></section>,no_error
<p>Welcome,error
<div>Content,error
<table><tr><td>Data</tr></table>,error
<h1>Hello,error
.box{padding:10px;,error
document.write('Hello',error
<ul><li>Item</ul>,error
function greet(){ return 'Hi'; },no_error
<table><tr><td>Data</td></tr></table>,no_error
<div>Content,error
<table><tr><td>Data</td></tr></table>,no_error
<h1>Hello,error
<p>Welcome</p>,no_error
<section><p>Paragraph</p></section>,no_error
h1{color:red;},no_error
h1{color:red;},no_error
<div>Content,error
<span>Text</span>,no_error
h1{color:red;},no_error
<button>Click</button>,no_error
<h1>Hello</h1>,no_error
<div>Content,error
let x = ;,error
for(let i=0;i<5;i++){ console.log(i); },no_error
<div>Content,error
const name = ,error
<h2>Heading</h2>,no_error
<table><tr><td>Data</td></tr></table>,no_error
"let arr=[1,2,3];",no_error
<h2>Heading,error
for(let i=0;i<5;i++){ console.log(i); },no_error
let x = 10;,no_error
<h1>Hello</h1>,no_error
p{font-size:16px;,error
const name = ,error
<section><p>Paragraph</p></section>,no_error
h1{color:red;,error
let x = 10;,no_error
const name = 'John';,no_error
<p>Welcome</p>,no_error
<h2>Heading,error
<h2>Heading,error
.box{padding:10px;,error
p{font-size:16px;,error
<p>Welcome</p>,no_error
<button>Click,error
alert('Welcome');,no_error
<section><p>Paragraph</p></section>,no_error
<section><p>Paragraph</section>,error
<ul><li>Item</li></ul>,no_error
<section><p>Paragraph</p></section>,no_error
<h2>Heading,error
<div>Content</div>,no_error
for(let i=0;i<5;i++){ console.log(i); },no_error
<h2>Heading,error
const name = ,error
body{background:white;},no_error
<span>Text</span>,no_error
<p>Welcome</p>,no_error
<h1>Hello</h1>,no_error
<h2>Heading</h2>,no_error
#title{text-align:center;,error
<h2>Heading</h2>,no_error
<h1>Hello,error
<table><tr><td>Data</td></tr></table>,no_error
if(true) console.log('ok',error
document.write('Hello');,no_error
<h2>Heading</h2>,no_error
<table><tr><td>Data</tr></table>,error
<section><p>Paragraph</p></section>,no_error
document.write('Hello',error
<span>Text,error
<button>Click</button>,no_error
<h1>Hello</h1>,no_error
<ul><li>Item</li></ul>,no_error
for(let i=0;i<5;i++ { console.log(i); },error
<p>Welcome,error
<button>Click</button>,no_error
<p>Welcome</p>,no_error
.box{padding:10px;,error
<p>Welcome,error
<button>Click,error
p{font-size:16px;,error
.box{padding:10px;,error
<table><tr><td>Data</tr></table>,error
<h2>Heading,error
<button>Click</button>,no_error
<span>Text,error
<section><p>Paragraph</section>,error
alert('Welcome');,no_error
<span>Text</span>,no_error
<div>Content,error
h1{color:red;,error
<p>Welcome</p>,no_error
<h1>Hello</h1>,no_error
function greet(){ return 'Hi'; },no_error
<section><p>Paragraph</section>,error
<div>Content</div>,no_error
<div>Content</div>,no_error
console.log('Hello');,no_error
<ul><li>Item</li></ul>,no_error
if(true) console.log('ok',error
console.log('Hello');,no_error
if(true) console.log('ok',error
<section><p>Paragraph</p></section>,no_error
document.write('Hello');,no_error
#title{text-align:center;,error
for(let i=0;i<5;i++){ console.log(i); },no_error
alert('Welcome',error
const name = 'John';,no_error
"let arr=[1,2,3];",no_error
p{font-size:16px;,error
<h2>Heading</h2>,no_error
"let arr=[1,2,3];",no_error
document.write('Hello');,no_error
<div>Content,error
<p>Welcome</p>,no_error
body{background:white;,error
.box{padding:10px;},no_error
<section><p>Paragraph</section>,error
<ul><li>Item</li></ul>,no_error
<section><p>Paragraph</p></section>,no_error
<p>Welcome,error
<ul><li>Item</ul>,error
<button>Click,error
<section><p>Paragraph</section>,error
<h1>Hello,error
<ul><li>Item</ul>,error
h1{color:red;,error
<p>Welcome</p>,no_error
<h2>Heading,error
<h1>Hello,error
let x = 10;,no_error
<button>Click,error
#title{text-align:center;},no_error
<h1>Hello,error
<span>Text,error
<button>Click</button>,no_error
.box{padding:10px;,error
h1{color:red;,error
<h2>Heading</h2>,no_error
let x = ;,error
<div>Content</div>,no_error
<section><p>Paragraph</section>,error
#title{text-align:center;},no_error
body{background:white;},no_error
body{background:white;},no_error
<ul><li>Item</li></ul>,no_error
<ul><li>Item</li></ul>,no_error
<table><tr><td>Data</td></tr></table>,no_error
